id,title,artist,year,medium,dimensions,artist_photo_url,tags,description,image_url
PAM-001,Keris nilai martabat orang Jawa,Arief Sholeiman,2026,Akrilik,100 x 70 cm,https://huggingface.co/l0r3ntz/artist-photos/resolve/main/artists/Arief Sholeiman.JPG,"budaya jawa, keris, tradisional, spiritual","Keris dalam lukisan melambangkan kewibawaan, kesucian, dan keseimbangan kosmis, perpaduan antara kekuatan spiritual dan martabat budaya Jawa.",https://huggingface.co/l0r3ntz/artwork-images/resolve/main/PAM-001.jpg
PAM-002,Ibu pertiwi ,Asysyifa Aulia Riatno,2026,Akrilik,60 x 80cm,https://huggingface.co/l0r3ntz/artist-photos/resolve/main/artists/Asysyifa Aulia Riatno.JPG,"cat minyak, modern, natura","Merupakan sebuah representasi visual yang sarat akan metafora dan nilai filosofis mendalam tentang kekayaan serta jati diri tanah air. Fokus utama karya tertuju pada sebuah kendi berukir motif suluran flora berwarna cokelat keemasan, yang secara simbolis merepresentasikan rahim Ibu Pertiwi sebagai wadah air sumber suci kehidupan yang menghidupi dan memakmurkan seisi alam. Kendi megah tersebut berdiri anggun di atas hamparan kain jarik Batik Sogan berona cokelat bumi yang menjuntai luwes sebuah elemen yang tidak hanya melambangkan kesuburan tanah nusantara, tetapi juga memuat simbolisme mendalam tentang kasih sayang, di mana kain jarik secara tradisional digunakan oleh masyarakat Jawa untuk menimang anak-anak sejak bayi dalam dekapan kehangatan seorang ibu.",
PAM-003,Menunggu,Aura Salvia Siregar,2026,Digital Painting,"59,4 x 42 cm",https://huggingface.co/l0r3ntz/artist-photos/resolve/main/artists/Aura Salvia Siregar.JPG,"cat minyak, modern, natura","“Menunggu” menghadirkan sosok perempuan dalam balutan nuansa budaya Bali yang anggun dan penuh ketenangan. Kain bermotif tradisional, aksesori rambut keemasan, serta suasana hangat yang menyerupai cahaya senja Bali menciptakan atmosfer yang sarat dengan nilai budaya dan spiritualitas. Figur perempuan digambarkan berdiri dalam diam, membawa ekspresi sendu yang seolah merepresentasikan penantian yang hening namun penuh makna.

Pita-pita yang mengalir di sekeliling tubuh bergerak bebas, kontras dengan dirinya yang terkurung diam dalam penantian. Sementara itu, latar yang samar menyerupai lanskap tropis dan arsitektur tradisional menghadirkan kesan ruang yang puitis dan kesunyian. ",
PAM-004,Echoes,Catherine Dinara Sianturi,2026,Digital Painting,"59,4 x 42 cm",https://huggingface.co/l0r3ntz/artist-photos/resolve/main/artists/Catherine Dinara Sianturi.JPG,"cat minyak, modern, natura","Karya ini menggambarkan tokoh-tokoh legenda Nusantara yang hadir di tengah kehidupan modern perkotaan. Melalui visual karakter tradisional yang digambar menggunakan perangkat digital di suasana kota masa kini, karya ini menunjukkan bahwa perkembangan zaman dan teknologi akan terus berjalan, namun cerita rakyat tidak boleh dilupakan.

 Tokoh-tokoh legenda tidak hanya menjadi cerita masa lalu, tetapi juga dapat terus berkembang dan dikenalkan kembali kepada generasi sekarang melalui media dan gaya visual yang lebih relevan. Karya ini menjadi bentuk ajakan untuk melestarikan kebudayaan Nusantara agar tetap dikenang, diwariskan, dan memiliki tempat di era modern.",
PAM-005,Permainan Orang Gadang,Daffa Utama Saragih,2026,Cat Minyak,100 x 200 cm,https://huggingface.co/l0r3ntz/artist-photos/resolve/main/artists/Daffa Utama Saragih.JPG,"sosial politik, kritik sosial, ikonografi minang","Karya ini mendekonstruksi kemiskinan struktural yang dipelihara oleh elit (Orang Gadang). Garis kuning geometris serupa tenda sirkus melambangkan pandangan penguasa yang kaku, sombong, dan ""tak menapak tanah""-memandang realitas dari ketinggian otoritas semu. Figur sentral hadir sebagai dalang yang memanipulasi entitas di bawahnya. Dua kerbau yang diadu menjadi metafora rakyat kecil yang dipaksa berkonfrontasi dalam ring sandiwara demi kesenangan politik. Menggunakan ikonografi Minang, lukisan ini menggugat bagaimana tradisi dan nasib rakyat sering kali hanya dijadikan komoditas dalam sirkus kekuasaan.",https://huggingface.co/l0r3ntz/artwork-images/resolve/main/PAM-005.jpg
PAM-006,Rwa Bhineda,Dea Bilqis Ananda Br. Sinaga,2026,Digital Painting,"59,4 cm x 42 cm",https://huggingface.co/l0r3ntz/artist-photos/resolve/main/artists/Dea Bilqis Ananda Br. Sinaga.JPG,"cat minyak, modern, natura","Karya ini menggambarkan seorang penari Bali yang tengah menggeser topengnya, menghadirkan dua wajah dalam satu momen 'wajah manusia dan wajah karakter' yang ia hidupkan. Gelungan keemasan, rambut hitam keriting berhias kembang merah, dan busana merah emas yang penuh detail menjadi cerminan kekayaan estetika tari Bali yang tak lekang oleh waktu.

Di sinilah inti dari karya ini: bukan pada kemewahan kostumnya, melainkan pada momen kecil di antara keduanya, ketika seorang penari sejenak berdiri di antara dirinya sendiri dan karakter yang ia emban, sebelum pertunjukan kembali berlanjut.",
PAM-007,Harmoni Dwipantara,Dwi Fadhillah,2026,Batik Tulis,180 cm x 35 cm ,https://huggingface.co/l0r3ntz/artist-photos/resolve/main/artists/Dwi Fadhillah.JPG,"cat minyak, modern, natura","""Karya batik ini menggabungkan unsur budaya Jawa dan Sumatera Utara melalui motif wayang khas Jawa dan ornamen Melayu yaitu (pucuk rebung) yang dekoratif. Perpaduan warna biru, emas, hitam, dan marun memberikan kesan elegan, mewah, serta tradisional. Karya ini melambangkan keharmonisan budaya Nusantara sekaligus menjadi bentuk pelestarian batik dalam sentuhan modern dan pola dekoratif tradisional yang melambangkan keharmonisan, kemegahan, dan kekayaan dalam budaya Nusantara.""",https://huggingface.co/l0r3ntz/artwork-images/resolve/main/PAM-007.jpg
PAM-008,Dialog Jiwa,Fajar Mikael,2026,Akrilik,60 cm x 80 cm,https://huggingface.co/l0r3ntz/artist-photos/resolve/main/artists/Fajar Mikael.JPG,"cat minyak, modern, natura","Karya ini menghadirkan percakapan batin antara dua entitas. Gaya ekspresionis dengan tekstur kasar dan warna intens memperlihatkan ledakan emosi, konflik, sekaligus hubungan yang tidak terucapkan di antara kedua sosok.
Kedua sosok dalam lukisan tampak saling berhadapan, seakan sedang berdialog tanpa kata. Tatapan mereka menghadirkan ketegangan sekaligus kedekatan emosional, menggambarkan hubungan yang rumit antara amarah, ketakutan, ego, dan kerinduan. Mereka bukan hanya dua figur, tetapi simbol dari dua sisi jiwa manusia yang terus berkonflik di dalam diri: terang dan gelap, keberanian dan keraguan, kehancuran dan harapan.",
PAM-009,Gunungan Adiluhung ,Fitrah Aminah,2025,Batik Tulis,100 x 100 cm,https://huggingface.co/l0r3ntz/artist-photos/resolve/main/artists/Fitrah Aminah.JPG,Batik Tuli,"Karya batik berjudul  “Gunungan Adiluhung” merupakan karya yang mengangkat unsur budaya Jawa melalui motif gunungan dan tokoh wayang sebagai elemen utama. Gunungan ditempatkan sebagai pusat perhatian untuk merepresentasikan makna kehidupan, keseimbangan, dan perjalanan manusia. Kehadiran figur wayang di sisi kanan dan kiri semakin memperkuat identitas tradisi Jawa yang sarat akan nilai filosofi dan budaya.
Ornamen awan dan sulur dekoratif yang mengelilingi motif utama menghadirkan kesan dinamis sekaligus sakral, sedangkan pola geometris pada bagian bawah melambangkan keteraturan dan keharmonisan. Penggunaan warna hitam, emas, putih, dan merah muda juga memiliki makna tersendiri. Warna hitam melambangkan kewibawaan dan ketegasan, warna emas melambangkan kemuliaan dan keagungan, sementara sentuhan warna merah muda menghadirkan kesan lembut dan estetis.
Keseluruhan motif dan warna dalam karya batik ini mencerminkan nilai budaya Jawa yang adiluhung, sakral, dan penuh filosofi.",https://huggingface.co/l0r3ntz/artwork-images/resolve/main/PAM-009.jpg
PAM-010,Renggani Aruna,Intan Mumtazah Assa_idah,2026,Batik Tulis,180 x 35 cm,https://huggingface.co/l0r3ntz/artist-photos/resolve/main/artists/Intan Mumtazah Assa_idah.JPG,Batik Tulis,"Renggani Aruna menghadirkan perpaduan ragam hias Nusantara melalui motif floral, motif kawung, motif itik sekawan Melayu, serta figur wayang dalam satu komposisi wastra dekoratif. Susunan motif yang memenuhi bidang kain menciptakan kesan hidup dan harmonis, sekaligus menghadirkan nuansa tradisional dalam pendekatan visual yang lebih kontemporer.

Motif floral yang mengalir di sepanjang kain menghadirkan kesan seperti taman hias yang terus tumbuh, sementara figur wayang hadir secara samar di antara ornamen sebagai simbol tradisi dan identitas budaya yang tetap bertahan di tengah perkembangan zaman. Motif kawung pada bagian tengah menjadi penyeimbang di antara kepadatan elemen dekoratif, sedangkan motif itik sekawan Melayu merepresentasikan kebersamaan dan hubungan sosial yang berjalan selaras.

Melalui perpaduan berbagai motif dan simbol budaya tersebut, Renggani Aruna merepresentasikan budaya Nusantara sebagai ruang yang kaya akan keberagaman, namun tetap terhubung dalam harmoni yang hidup dan terus berkembang.",https://huggingface.co/l0r3ntz/artwork-images/resolve/main/PAM-010.jpg
PAM-011,Harmoni Kawung Wayang Nusantara,Kristin Agustina Simanjuntak,2026,Batik Tulis,180 x 35 cm,https://huggingface.co/l0r3ntz/artist-photos/resolve/main/artists/Kristin Agustina Simanjuntak.JPG,Batik Tulis,"Karya batik Harmoni Kawung Wayang Nusantara mengangkat perpaduan motif kawung dan wayang sebagai representasi nilai budaya Nusantara. Motif kawung yang tampak pada latar melambangkan kesucian, keseimbangan, dan kebijaksanaan hidup, sedangkan motif wayang menggambarkan nilai moral, karakter, serta warisan budaya yang kaya makna. Karya ini didominasi warna biru muda, biru tua, hijau toska, dan sentuhan cokelat keemasan yang menciptakan kesan tenang, elegan, dan harmonis. Karya ini merepresentasikan perpaduan tradisi dan estetika budaya Indonesia sebagai bentuk pelestarian nilai budaya melalui media batik tulis.",https://huggingface.co/l0r3ntz/artwork-images/resolve/main/PAM-011.jpg
PAM-012,Merak Hijau (Pavo Muticus),Laila Turrahmah Saragih,2026,Batik Tulis,180 x 35 cm,https://huggingface.co/l0r3ntz/artist-photos/resolve/main/artists/Laila Turrahmah Saragih.JPG,"cat minyak, modern, natura","Memanfaatkan kain vertikal yang dinamis, kain batik tulis ini mengangkat subjek Merak Hijau (Pavo muticus) sebagai simbolitas kemegahan ekosistem Indonesia. Komposisi warna hijau pekat dan aksen emas sengaja ditonjolkan di atas kain biru tua untuk menciptakan kedalaman visual. Pameran ini memosisikan karya tersebut sebagai media refleksi; sebuah pengingat bahwa di balik keindahan estetis batik, ada pesan mendalam tentang tanggung jawab kita dalam menjaga keberlangsungan fauna endemik Nusantara dari ancaman kepunahan.",https://huggingface.co/l0r3ntz/artwork-images/resolve/main/PAM-012.jpg
PAM-013,Karya Lois Lodovikus Tarigan,Lois Lodovikus Tarigan,2026,Cat Minyak,50 x 70 cm,https://huggingface.co/l0r3ntz/artist-photos/resolve/main/artists/Lois Lodovikus Tarigan.JPG,"cat minyak, modern, natura",Karya seni lukis cat minyak oleh Lois Lodovikus Tarigan,https://huggingface.co/l0r3ntz/artwork-images/resolve/main/PAM-013.jpg
PAM-014,Swarna Laras Lembayung,Mafaza Aulyani Hadi,2025,Batik Tulis,180 x 35 cm,https://huggingface.co/l0r3ntz/artist-photos/resolve/main/artists/Mafaza Aulyani Hadi.JPG,"cat minyak, modern, natura","Motif batik pada karya ini mengangkat keindahan batik Jawa yang dipadukan dengan ornamen burung sebagai simbol kebebasan, harapan, dan keanggunan. Pola yang tersusun memanjang menciptakan alur visual yang harmonis dan memberi kesan tenang namun tetap hidup. Perpaduan warna biru tua, emas, dan kuning muda menghadirkan nuansa elegan sekaligus mewah, sehingga setiap detail motif terlihat lebih menonjol. Ornamen tumbuhan dan garis-garis dekoratif pada karya ini menggambarkan keindahan alam yang menyatu dengan budaya tradisional. Melalui karya ini, batik Jawa ditampilkan dengan sentuhan yang lebih modern tanpa menghilangkan ciri khas dan nilai estetikanya.",https://huggingface.co/l0r3ntz/artwork-images/resolve/main/PAM-014.jpg
PAM-015,"Sada Rasa, Dua Roha",Mey Waty Aulia,2026,Batik Tulis,180x35 cm,https://huggingface.co/l0r3ntz/artist-photos/resolve/main/artists/Mey Waty Aulia.JPG,"cat minyak, modern, natura","Karya ini merupakan perpaduan motif Batak Simalungun dan Batak Toba yang melambangkan persatuan budaya, penghormatan terhadap leluhur, dan kekuatan nilai adat. Motif hati Simalungun melambangkan kasih sayang dan ketulusan, sedangkan motif gorga Batak Toba melambangkan kekuatan, perlindungan, dan semangat kehidupan.
Ornamen mata ni ari menjadi simbol sumber kehidupan dan penerangan, sementara motif geometris di bagian bawah melambangkan keseimbangan dan arah kehidupan. Ornamen cicak Simalungun melambangkan ketahanan, perlindungan, dan hubungan manusia dengan alam serta leluhur. Pada bagian tepi, motif anyaman melambangkan ikatan persaudaraan dan kesinambungan adat yang tidak terputus.
Penggunaan warna merah, hitam, putih, dan emas menggambarkan keberanian, kewibawaan, kesucian, serta kemuliaan budaya Batak. Secara keseluruhan, karya ini merepresentasikan harmoni dua identitas budaya Batak yang saling melengkapi dalam bingkai kebhinekaan Indonesia.",https://huggingface.co/l0r3ntz/artwork-images/resolve/main/PAM-015.jpg
PAM-016,The Last Voyage of Hayati,Nurul Fadhillah Sembiring,2026,Digital Painting ,"84,1 x 59,4 cm ",https://huggingface.co/l0r3ntz/artist-photos/resolve/main/artists/Nurul Fadhillah Sembiring.JPG,"cat minyak, modern, natura","Karya The Last Voyage of Hayati terinspirasi dari novel Tenggelamnya Kapal Van der Wijck yang menghadirkan kisah cinta tragis di tengah kuatnya adat, harga diri, dan perbedaan status sosial dalam budaya Minangkabau. Melalui pendekatan visual yang puitis dan dramatis, karya ini menggambarkan pelayaran terakhir Hayati sebagai metafora tentang cinta yang perlahan karam bersama penyesalan dan takdir yang tak dapat dihindari.
Figur Hayati divisualisasikan larut di antara ombak dan serpihan kapal yang tenggelam, seolah menjadi satu dengan lautan yang menyimpan luka, rindu, dan kenangan yang belum sempat tersampaikan. Kehadiran kapal di tengah komposisi menjadi simbol perjalanan hidup yang rapuh membawa harapan, namun pada akhirnya hancur oleh keadaan dan keputusan manusia.
Elemen budaya Minangkabau seperti rumah gadang, suntiang, motif kain tradisional, serta nuansa surau dihadirkan bukan hanya sebagai ornamen visual, tetapi sebagai representasi adat yang membentuk sekaligus membatasi kehidupan para tokohnya. Budaya dalam karya ini tampil indah namun sunyi, menjadi saksi bisu atas cinta yang tidak pernah benar-benar menemukan tempatnya.
Secara keseluruhan, karya ini merepresentasikan bagaimana cinta dapat bertahan dalam ingatan meski tubuh, jarak, dan takdir memisahkan. The Last Voyage of Hayati bukan hanya tentang kehilangan, tetapi juga tentang kenangan yang terus hidup, seperti lautan yang tak pernah berhenti menyimpan cerita.",
PAM-017,Menari Bersama Bayang,Putri Fadillah,2026,Digital Painting,"59,4 x 42 cm",https://huggingface.co/l0r3ntz/artist-photos/resolve/main/artists/Putri Fadillah.JPG,"cat minyak, modern, natura","“Menari Bersama Bayang” menggambarkan hubungan antara manusia dan warisan budaya yang selalu hadir mengikuti kehidupan, layaknya bayangan yang tidak pernah terpisah. Sosok penari bertopeng wayang melambangkan identitas tradisional yang tetap hidup di tengah perkembangan zaman. Siluet wayang dan ornamen batik pada latar memperkuat suasana budaya Nusantara, sementara gerakan penari menunjukkan keanggunan, keteguhan, dan penghormatan terhadap tradisi. Melalui karya ini, tarian tidak hanya menjadi sebuah gerak tubuh, tetapi juga bentuk dialog antara diri, sejarah, dan bayang-bayang budaya yang terus hidup dalam ingatan masyarakat.",
PAM-018,"Hamoraon, Hagabeon, Hasangapon",Rulina Rulianty Sihombing,2026,Batik Tulis ,180 x 35 cm,https://huggingface.co/l0r3ntz/artist-photos/resolve/main/artists/Rulina Rulianty Sihombing.JPG,"cat minyak, modern, natura","Motif batik ini terinspirasi dari ornamen tradisional Batak Toba, yaitu Gorga Batak dan simbol Boras Pati, yang mengandung makna filosofis tentang nilai hidup masyarakat Batak melalui prinsip Hamoraon, Hagabeon, dan Hasangapon (Kekayaan, Keturunan/Umur Panjang, dan Kehormatan). Gorga Batak hadir dalam bentuk sulur dan ritme garis sebagai simbol kehidupan, kekuatan, perlindungan, dan keseimbangan spiritual. Sementara itu, Boras Pati yang diwujudkan dalam bentuk cicak melambangkan kesuburan, keberuntungan, dan harapan akan kelangsungan generasi. Melalui batik tulis, unsur tradisional tersebut dihadirkan kembali dalam karya modern sebagai upaya pelestarian budaya dan reinterpretasi nilai lokal Nusantara. Batik ini tidak hanya menjadi kain bermotif, tetapi juga media visual yang mencerminkan identitas, spiritualitas, dan harapan hidup masyarakat Batak Toba.",https://huggingface.co/l0r3ntz/artwork-images/resolve/main/PAM-018.jpg
PAM-019,Lita’arafu: Saling Mengenal dalam Keberagaman,Syarafina Yusrina,2026,Digital painting ,"59,4 x 42 cm",https://huggingface.co/l0r3ntz/artist-photos/resolve/main/artists/Syarafina Yusrina.JPG,"cat minyak, modern, natura","Deskripsi karya: 
Karya kaligrafi digital yang mengangkat QS. Al-Hujurat ayat 13 tentang keberagaman manusia. Pencipta menempatkan kaligrafi ayat sebagai fokus utama di bagian tengah dengan warna emas, karena pencipta ingin menonjolkan kesan sakral, agung, dan mulia dari firman Allah. Bentuk komposisi yang melingkar melambangkan persatuan dan kesatuan umat manusia meskipun berasal dari latar belakang yang berbeda.

Latar belakang karya 
Pencipta olah dengan perpaduan ornamen Nusantara seperti motif batik, ukiran, serta elemen tanjak Melayu sebagai simbol identitas budaya lokal. Pemilihan warna hangat seperti coklat, merah bata, hijau, dan emas bertujuan menghadirkan suasana religius sekaligus etnik, sehingga tercipta harmonisasi antara nilai keislaman dan kekayaan budaya Indonesia.
Melalui karya ini pencipta ingin menyampaikan makna QS. Al-Hujurat ayat 13 bahwa manusia diciptakan berbangsa-bangsa dan bersuku-suku untuk saling mengenal, bukan untuk saling merendahkan. Kemuliaan manusia di sisi Allah ditentukan oleh ketakwaan, bukan oleh perbedaan ras, suku, maupun budaya. Karena itu, perpaduan kaligrafi Arab dengan ornamen Nusantara pencipta hadirkan sebagai simbol bahwa keberagaman adalah keindahan yang dipersatukan oleh nilai keimanan.",
PAM-020,Pucuk Emas Melayu,Triya Ayu Anggreni,2026,Batik Tulis,160 x 35 cm,https://huggingface.co/l0r3ntz/artist-photos/resolve/main/artists/Triya Ayu Anggreni.JPG,"cat minyak, modern, natura","Karya batik Pucuk Emas Melayu mengangkat motif khas Melayu berupa pucuk rebung yang dipadukan dengan motif flora dan ornamen dekoratif. Motif pucuk rebung melambangkan pertumbuhan, harapan, dan kehidupan yang terus berkembang, sedangkan motif flora menggambarkan keindahan serta kesuburan alam. Karya ini didominasi warna biru gelap sebagai latar yang memberi kesan tegas, cokelat keemasan yang melambangkan kemegahan budaya Melayu, hijau sebagai simbol kehidupan, serta krem yang menciptakan keseimbangan visual. Karya ini merepresentasikan keindahan budaya Melayu sebagai bagian dari kekayaan Nusantara.",https://huggingface.co/l0r3ntz/artwork-images/resolve/main/PAM-020.jpg
PAM-021,Harmoni Sulur Tradisi,Abel Calosa G. Malau,2026,Kayu Jelutung,25 x 42 cm,https://huggingface.co/l0r3ntz/artist-photos/resolve/main/artists/Abel Calosa G. Malau.JPG,"akrilik, kontemporer, abstrak","Karya ukiran kayu berjudul ""Harmoni Sulur Tradisi"" merupakan karya seni kriya yang terinspirasi dari motif flora khas Madura. Bentuk sulur yang melengkung dan saling menyatu melambangkan keharmonisan, pertumbuhan, serta kesinambungan kehidupan dalam budaya tradisional. Ornamen daun dan bunga yang diukir secara dekoratif menghadirkan kesan hidup, dinamis, dan elegan, sekaligus menunjukkan kekayaan estetika ukiran Nusantara. Penggunaan material kayu dengan finishing natural memperkuat karakter alami serta menonjolkan keindahan serat kayu sebagai bagian dari nilai artistik karya. Melalui karya ini, pencipta berupaya menghadirkan perpaduan antara nilai tradisi dan keindahan visual dalam bentuk ukiran dekoratif khas Madura",https://huggingface.co/l0r3ntz/artwork-images/resolve/main/PAM-021.jpg
PAM-022,Sian Bagas Do Adat i,Agus Supriono  Silitonga,2026,Digital Painting,40 x 60 cm,https://huggingface.co/l0r3ntz/artist-photos/resolve/main/artists/Agus Supriono  Silitonga.JPG,"akrilik, kontemporer, abstrak",Karya ini mengandung makna bahwa adat itu terlahir dari jiwa manusia yang kemudian diungkapkan melalui tarian dan cara berpakaian.,
PAM-023,Tondi Ni Hariara,Alviano Pintubatu,2025,Kayu Mahoni,50 x 30 cm,https://huggingface.co/l0r3ntz/artist-photos/resolve/main/artists/Alviano Pintubatu.JPG,"akrilik, kontemporer, abstrak","Tondi ni Hariara merupakan representasi roh penjaga yang lahir dari kesakralan pohon Hariara dalam kosmologi Batak. Wajah singa yang dimodifikasi menjadi lebih garang melambangkan kekuatan spiritual, perlindungan, serta amarah leluhur terhadap kehancuran nilai dan keseimbangan alam. Ornamen gorga yang mengalir di seluruh bidang ukiran menjadi simbol hubungan antara manusia, roh, dan alam semesta. Karya ini tidak hanya menghadirkan rasa takut, tetapi juga menghadirkan kewibawaan sakral sebagai penjaga batas antara dunia nyata dan dunia spiritual",https://huggingface.co/l0r3ntz/artwork-images/resolve/main/PAM-023.jpg
PAM-024,Emerald Reverie,Bella Ariza Dwinanta Tambusai,2026,Digital Painting,60 x 40 cm,https://huggingface.co/l0r3ntz/artist-photos/resolve/main/artists/Bella Ariza Dwinanta Tambusai.JPG,"akrilik, kontemporer, abstrak","“Emerald Reverie” merupakan karya seni digital yang terinspirasi dari keanggunan perempuan Melayu serta keindahan budaya Nusantara. Sosok perempuan digambarkan dengan ekspresi tenang dan lembut, dikelilingi elemen khas Melayu seperti wau bulan, bunga raya, motif tradisional, dan cahaya lentera yang menghadirkan suasana hangat serta penuh nostalgia.
Perpaduan warna hijau zamrud dan emas dipilih untuk menciptakan kesan teduh, elegan, dan berkelas. Melalui pendekatan digital painting modern, karya ini mencoba memadukan unsur tradisional dengan visual kontemporer tanpa menghilangkan identitas budayanya.
Bagi saya, “Emerald Reverie” bukan hanya tentang keindahan visual, tetapi juga tentang bagaimana budaya tetap hidup dan relevan di tengah perkembangan zaman. Karya ini menjadi bentuk penghormatan terhadap warisan Melayu yang terus dijaga dan dikenang dari generasi ke generasi.",
PAM-025,Swarnadwipa Cendrawasih,Dedek Retno Reviola Rukmana,2026,Batik tulis ,100 x 100 cm,https://huggingface.co/l0r3ntz/artist-photos/resolve/main/artists/Dedek Retno Reviola Rukmana.JPG,"akrilik, kontemporer, abstrak","""Swarnadwipa Cendrawasih"" memiliki makna yang megah, klasik, dan artistik. Dalam bahasa Sanskerta, Swarnadwipa berarti “Pulau Emas”, yang menggambarkan kekayaan dan keindahan Nusantara. Makna tersebut diwujudkan melalui penggunaan warna emas pada karya batik ini yang menjadi pusat perhatian dan memberikan kesan hangat serta bercahaya.
Burung cendrawasih dipilih sebagai simbol keindahan, keanggunan, dan eksotisme Indonesia Timur, khususnya Papua. Kehadirannya merepresentasikan pesona alam dan budaya Nusantara yang kaya akan keberagaman. Selain itu, karya ini juga dipadukan dengan motif parang, kawung, dan berbagai motif geometris sebagai unsur pendukung yang melambangkan persatuan dan keharmonisan budaya Indonesia.
Melalui perpaduan warna, motif, dan bentuk, karya batik ""Swarnadwipa Cendrawasih""menghadirkan kesan hangat, anggun, dan mencerminkan kemegahan budaya Nusantara.",
PAM-026,Karya Dita Audina,Dita Audina,2026,Akrilik,60 x 80 cm,https://huggingface.co/l0r3ntz/artist-photos/resolve/main/artists/Dita Audina.JPG,"akrilik, kontemporer, abstrak",Karya seni lukis akrilik oleh Dita Audina,
PAM-027,RITUAL,Eydika Novelihardo Sipayung,2026,MDF Print,40 x 60CM,https://huggingface.co/l0r3ntz/artist-photos/resolve/main/artists/Eydika Novelihardo Sipayung.JPG,"akrilik, kontemporer, abstrak","Karya ini adalah bentuk penghormatan terhadap Tarian Toping-Toping Huda-Huda, sebuah ritual penghibur kedukaan dalam tradisi Batak Simalungun.
Lewat teknik cukil hitam-putih ini, saya ingin merekam atmosfer sakral sekaligus dinamis dari tarian tersebut. Kontras tajam yang sengaja saya buat di sini berfungsi sebagai pencahayaan dramatis, yang menerangi gerak penari dan megahnya arsitektur rumah adat di latar belakang.
Setiap guratan dan detail motif pakaian dalam karya ini saya kerjakan dengan sabar untuk menghidupkan suasananya. Melalui karya ini, saya ingin berbagi cerita tentang bagaimana sebuah tradisi bisa merangkul kesedihan dan merayakan kehidupan lewat seni. Semoga teman-teman bisa merasakan energinya!",
PAM-028,Manghioui ,Fathia Syahidah Damanik,2026,Ilustrasi Digital,60 x 40 cm,https://huggingface.co/l0r3ntz/artist-photos/resolve/main/artists/Fathia Syahidah Damanik.JPG,"akrilik, kontemporer, abstrak","Gambar ilustrasi digital ini menyoroti kehangatan momen sakral Manghioui, dimana sepasang pengantin diberikan dan disandangkan hiou sebagai bentuk doa, harapan, kasih sayang orang tua, perlindungan dan restu atas pernikahan. 
Mempelai pria mengenakan gotong: penutup kepala khas pria Simalungun berbentuk tinggi mengerucut berwarna coklat. Berpakaian kemeja formal serta ber selempang hiou. Mempelai wanita tampil anggun mengenakan bulang: penutup kepala khas wanita Simalungun. Berpakaian kebaya merah serta ber selempang kain hiou. Keduanya dilatarbelakangi rumah bolon Simalungun dengan atap jerami berpadukan dengan ornamen pinar.",
PAM-030,Anyaman Doa Ibu Pertiwi,Iureka Putri Manurung,2026,Ilustrasi Digital, 40 x 60 cm,https://huggingface.co/l0r3ntz/artist-photos/resolve/main/artists/Iureka Putri Manurung.JPG,"akrilik, kontemporer, abstrak","Di bawah teduh daun dan tanah yang masih basah oleh alam, para perempuan merajut janur dengan tangan yang diwarisi tradisi. Setiap lipatan bukan sekadar hiasan, melainkan doa yang dianyam bersama. Karya ini berbicara tentang Nusantara yang hidup dari kebersamaan, tentang perempuan sebagai penjaga adat, dan tentang sederhana yang tetap sakral. Sebab budaya bukan hanya untuk dikenang, tetapi dirawat dalam tangan yang terus bekerja dengan hati.",
PAM-031,Tano Andaliman,Jesika Marilyn Veronica Napitupulu,2026,Batik Tulis,60 x 80 cm,https://huggingface.co/l0r3ntz/artist-photos/resolve/main/artists/Jesika Marilyn Veronica Napitupulu.JPG,"batik tulis, andaliman, budaya batak, tradisional","Tano Andaliman merupakan karya batik tulis yang terinspirasi dari andaliman, rempah khas Batak yang tumbuh subur di tanah Batak dan menjadi bagian penting dalam kehidupan masyarakatnya. Selain dikenal sebagai bumbu utama dalam berbagai masakan tradisional seperti arsik, andaliman juga dimaknai sebagai simbol kekayaan alam, identitas budaya, serta keterikatan masyarakat Batak terhadap tanah asalnya. Karya ini terbagi menjadi tiga panel yang merepresentasikan tiga nilai filosofis dalam budaya Batak melalui tiga warna utama, yaitu merah, putih, dan hitam. Warna merah dimaknai sebagai Hagogoon, yaitu kekuatan dan keberanian untuk bertahan serta bertumbuh. Warna putih dimaknai sebagai Sohaliapan, yang melambangkan kesucian, ketulusan, dan keseimbangan hidup. Sementara warna hitam dimaknai sebagai Hahomion, simbol kehormatan, kewibawaan, dan keagungan dalam kehidupan masyarakat Batak. Pada panel dominan merah, divisualisasikan siklus pertumbuhan andaliman mulai dari bunga hingga buah yang matang dan meletup. Proses tersebut menjadi simbol keberanian dalam menghadapi perjalanan pertumbuhan dan perubahan kehidupan. Bentuk-bentuk dekoratif yang disusun berulang menghadirkan kesan dinamis sekaligus menggambarkan kesinambungan antara alam dan kehidupan manusia. Panel dominan putih menghadirkan motif Duri Marende atau ""duri bernyanyi"" yang ditempatkan pada sisi kain sebagai elemen penjaga. Duri dimaknai bukan hanya sebagai bentuk perlindungan, tetapi juga sebagai simbol harmoni antara ketegasan dan keindahan. Kehadirannya menjadi representasi nilai Sohaliapan, yaitu kesucian yang dijaga melalui keseimbangan dan kekuatan batin. Sementara itu, panel dominan hitam menampilkan motif buah andaliman secara lebih sederhana dan tegas sebagai pusat visual utama. Warna hitam merepresentasikan Hahomion, yaitu keagungan dan kehormatan tanah Batak, sekaligus menegaskan keistimewaan andaliman sebagai rempah khas yang tumbuh dari tanah yang kaya akan tradisi dan identitas budaya. Melalui Tano Andaliman, pencipta menghadirkan batik sebagai medium untuk merawat ingatan budaya dan memperkenalkan identitas lokal Batak melalui bahasa visual dekoratif. Karya ini menjadi bentuk penghormatan terhadap tanah Batak, kekayaan alamnya, serta warisan budaya yang terus hidup dan diwariskan dari generasi ke generasi.",
PAM-032,Di Ingot Tu Salelengna,Nikson Fardy Pardede,2026,Gambar Digital,60 x 40 cm,https://huggingface.co/l0r3ntz/artist-photos/resolve/main/artists/Nikson Fardy Pardede.JPG,"akrilik, kontemporer, abstrak","Karya ini menggambarkan empat ikon budaya Batak yaitu Sigale-gale, Raja Batak, Tunggal Panaluam, dan Singa-singa yang digamabarkan sebagai patung monumental dalam museum modern. Keempatnya berdiri megah di bawah lengkungan arsitektur futuristik, menyimbolkan warisan leluhur yang abadi melampaui zaman. Museum modern menjadi ruang pertemuan antara masa lalu dan masa depan. Cahaya dramatis yang menerangi setiap patung mencerminkan bagaimana budaya Batak layak dipandang sebagai warisan agung bukan sekadar artefak, melainkan identitas yang hidup dan terus bersinar.",
PAM-033,Rap Hita Nadua,Rahma Delila Harahap,2026,Digital Painting,60 x 40 cm,https://huggingface.co/l0r3ntz/artist-photos/resolve/main/artists/Rahma Delila Harahap.JPG,"akrilik, kontemporer, abstrak","Karya ini menampilkan dua tangan yang akan saling menggenggam dengan cincin emas tersemat pada jari manis sebagai lambang kebersamaan. Bagas godang yang menjadi latar belakang melambangkan tempat pulang kelak, dengan air yang terus mengalir sebagai lambang hidup kian bergulir. Langit dengan semburan senja namun langit biru masih membersamai seakan bersuara ini awal mula kebersamaan.
Bunga raflesia turut andil, bukan hanya sekadar pemanis namun keunikan serta keelokan yang dimilikinya menjadi daya tarik. Kepala kerbau seolah berbicara setiap insan memiliki kedudukan penting.
Suasana hangat yang dibalut oleh senja belum berakhir, masih berlanjut dengan balutan ulos dan songket. Kilau anggun dari tanggai, perhiasan emas di jemari perempuan yang hanya bertahta megah saat pesta adat digelarkan, kian mempertegas keagungan momen yang sakral. Serta kalimat yang membersamai “rap hita nadua”, seolah menegaskan ikrar suci bahwa langkah ke depan tak lagi diayun sendiri, melainkan beriringan menenun masa depan dalam kehangatan tradisi dan keabadian cinta.",
PAM-034,Karya Rahmatul Adania,Rahmatul Adania,2026,Akrilik,60 x 40 cm,https://huggingface.co/l0r3ntz/artist-photos/resolve/main/artists/Rahmatul Adania.JPG,"akrilik, kontemporer, abstrak",Karya seni lukis akrilik oleh Rahmatul Adania,
PAM-035,The charm of the bride of North Sumatra Java,Reno Rivandi,2026,Akrilik,60 x 80 cm,https://huggingface.co/l0r3ntz/artist-photos/resolve/main/artists/Reno Rivandi.JPG,"akrilik, kontemporer, abstrak","Karya lukis ini menampilkan sosok pengantin Jawa yang anggun dalam balutan busana adat tradisional. Dilukis menggunakan media cat akrilik di atas kanvas, karya ini mengangkat keindahan budaya Jawa melalui penggambaran figur perempuan dengan riasan serta atribut khas pengantin adat. Ekspresi wajah yang tenang dan tatapan yang kuat menggambarkan kelembutan, keanggunan, serta wibawa perempuan Jawa.
Dalam proses penciptaannya, karya ini memadukan teknik lukis dengan penggunaan elemen tiga dimensi berupa rangkaian melati buatan yang diaplikasikan langsung pada bagian ronce pengantin. Penggunaan melati tersebut memperkuat karakter visual pengantin Jawa sekaligus menjadi simbol kesucian, keharuman, dan sakralnya prosesi pernikahan adat. Selain itu, tambahan glitter pada detail busana adat memberikan efek berkilau yang mempertegas kemewahan dan keindahan ornamen pakaian.
Dominasi warna cokelat keemasan pada latar menghadirkan suasana hangat dan klasik sehingga figur pengantin menjadi pusat perhatian dalam karya. Melalui perpaduan teknik lukis, tekstur, dan elemen tambahan, karya ini menjadi bentuk apresiasi terhadap keindahan tradisi serta kekayaan budaya Indonesia, khususnya budaya Jawa.",https://huggingface.co/l0r3ntz/artwork-images/resolve/main/PAM-035.jpg
PAM-036,Karya Tazlila Irfani,Tazlila Irfani,2026,Akrilik,60 x 80 cm,https://huggingface.co/l0r3ntz/artist-photos/resolve/main/artists/Tazlila Irfani.JPG,"akrilik, kontemporer, abstrak",Karya seni lukis akrilik oleh Tazlila Irfani,
PAM-037,penjaga cahaya dharma,Therechya Uted Recht Sitompul,2026,Akrilik,80 x 60 cm,https://huggingface.co/l0r3ntz/artist-photos/resolve/main/artists/Therechya Uted Recht Sitompul.JPG,"akrilik, kontemporer, abstrak","Lukisan cat minyak di atas kanvas ini menangkap esensi dan energi yang kuat dari kepala Barong, makhluk mitologi suci dalam budaya Bali, yang merupakan perwujudan energi positif (Dharma) dalam pertarungan abadi melawan kejahatan (Adharma).
Karya ini didominasi oleh kepala Barong yang ditampilkan secara terpusat dan dinamis. Wajah merah-jingga yang mencolok dengan mata melotot dan ekspresi garang (wajah raksasa) ditampilkan dengan detail tekstur yang tajam. Rahangnya yang terbuka lebar, memperlihatkan taring-taring tajam yang berkilau, memancarkan keberanian yang tak terbendung.
Fitur yang paling membedakan adalah mahkota ornamen di bagian atas kepala, yang dilukis dengan warna keemasan dan kuning cerah yang menyala, meniru kobaran api dan lingkaran cahaya (halo), yang melambangkan kekuatan suci dan cahaya Dharma. Bulu-bulu Barong di sekitar wajah dan leher, yang biasanya terbuat dari serat palem, dilukis dengan guratan-guratan tajam berwarna hitam dan abu-abu, memberikan kesan gerakan dan kehadiran yang berat. Dua tiang ornamen emas di bagian bawah tampak seperti pilar istana atau altar, menopang perwujudan agung ini, dihiasi dengan detail kain catur (pola kotak-kotak hitam-putih) yang juga merupakan simbol Rwa Bhineda (dualitas).",
PAM-038,Sekar Pertiwi ,Thresia Napitupulu,2026,Batik Tulis,150 x 100cm,https://huggingface.co/l0r3ntz/artist-photos/resolve/main/artists/Thresia Napitupulu.JPG,"akrilik, kontemporer, abstrak","Sekar Pertiwi merupakan karya batik tulis yang terinspirasi dari keindahan dan keberagaman budaya Nusantara. Judul ini berasal dari kata “Sekar” yang berarti bunga, simbol keindahan, keharuman, dan keanggunan, serta “Pertiwi” yang bermakna tanah air atau ibu pertiwi sebagai lambang Indonesia. Melalui karya ini, Indonesia digambarkan layaknya bunga yang tumbuh dan bermekaran indah di tanah pertiwi.
Karya ini memadukan motif flora, ornamen tradisional, dan pola geometris yang tersusun harmonis. Motif bunga anggrek melambangkan keindahan, kelembutan, dan keteguhan. Motif kawung mengandung makna kesucian, keseimbangan, serta pengendalian diri, sekaligus menjadi pengingat agar manusia tidak melupakan asal-usul dan nilai luhur budaya. Sementara itu, unsur mega mendung melambangkan ketenangan, kesabaran, perlindungan, dan harapan akan kehidupan yang damai serta sejuk.
Melalui perpaduan motif dan warna yang lembut, membentuk makna tentang  keindahan yang tumbuh dari keteguhan, keseimbangan yang dijaga oleh nilai luhur, serta keteduhan yang menaungi perjalanan kehidupan. Sekar Pertiwi menjadi simbol mekarnya warisan budaya Indonesia yang anggun, berakar kuat pada tradisi, namun tetap hidup dan relevan mengikuti perkembangan zaman.",https://huggingface.co/l0r3ntz/artwork-images/resolve/main/PAM-038.jpg
PAM-039,Karya Windi Wulandari,Windi Wulandari,2026,Akrilik,60 x 80 cm,https://huggingface.co/l0r3ntz/artist-photos/resolve/main/artists/Windi Wulandari.JPG,"akrilik, kontemporer, abstrak",Karya seni lukis akrilik oleh Windi Wulandari,
PAM-040,(need data),Desy Novita Berutu,2026,Batik,,https://huggingface.co/l0r3ntz/artist-photos/resolve/main/artists/Desy Novita Berutu.JPG,,(need data),https://huggingface.co/l0r3ntz/artwork-images/resolve/main/PAM-040.JPG
PAM-041,(need data),Adriana Joy Kristin Simbolon,2026,Batik,,https://huggingface.co/l0r3ntz/artist-photos/resolve/main/artists/Adriana Joy Kristin Simbolon_.jpg,,(need data),https://huggingface.co/l0r3ntz/artwork-images/resolve/main/PAM-041.jpg
PAM-042,(need data),Devi Patricia Gurning,2026,Batik,,https://huggingface.co/l0r3ntz/artist-photos/resolve/main/artists/Devi Patricia Gurning_.jpg,,(need data),https://huggingface.co/l0r3ntz/artwork-images/resolve/main/PAM-042.jpg
PAM-043,(need data),Elisabeth Hulu,2026,Batik,,https://huggingface.co/l0r3ntz/artist-photos/resolve/main/artists/Elisabeth Hulu.jpg,,(need data),https://huggingface.co/l0r3ntz/artwork-images/resolve/main/PAM-043.jpg
PAM-044,(need data),Hidayatul Husna Harahap,2026,Batik,,https://huggingface.co/l0r3ntz/artist-photos/resolve/main/artists/Hidayatul Husna Harahap.jpg,,(need data),https://huggingface.co/l0r3ntz/artwork-images/resolve/main/PAM-044.jpg
PAM-045,(need data),Jeni Pebrianti Rambe,2026,Batik,,https://huggingface.co/l0r3ntz/artist-photos/resolve/main/artists/Jeni Pebrianti Rambe.jpg,,(need data),https://huggingface.co/l0r3ntz/artwork-images/resolve/main/PAM-045.jpg
PAM-046,(need data),Juniska Della Meliasny Saragih,2026,Batik,,https://huggingface.co/l0r3ntz/artist-photos/resolve/main/artists/Juniska Della Meliasny Saragih.jpg,,(need data),https://huggingface.co/l0r3ntz/artwork-images/resolve/main/PAM-046.jpg
PAM-047,(need data),Nur Jannah Harahap,2026,Batik,,https://huggingface.co/l0r3ntz/artist-photos/resolve/main/artists/Nur Jannah Harahap.jpg,,(need data),https://huggingface.co/l0r3ntz/artwork-images/resolve/main/PAM-047.jpg
PAM-048,(need data),Stephany Wulandary Sihombing,2026,Batik,,https://huggingface.co/l0r3ntz/artist-photos/resolve/main/artists/Stephany Wulandary Sihombing.jpg,,(need data),https://huggingface.co/l0r3ntz/artwork-images/resolve/main/PAM-048.jpg
PAM-049,(need data),Supriati Sinaga,2026,Batik,,,,(need data),https://huggingface.co/l0r3ntz/artwork-images/resolve/main/PAM-049.jpg
PAM-050,(need data),Veronika Br Sinuhaji,2026,Batik,,https://huggingface.co/l0r3ntz/artist-photos/resolve/main/artists/VERONIKA BR SINUHAJI_.jpg,,(need data),https://huggingface.co/l0r3ntz/artwork-images/resolve/main/PAM-050.jpg
PAM-051,(need data),Riofranciskussinaga,2026,Kayu,,https://huggingface.co/l0r3ntz/artist-photos/resolve/main/artists/Riofranciskussinaga.jpg,,(need data),https://huggingface.co/l0r3ntz/artwork-images/resolve/main/PAM-051.jpg
PAM-052,(need data),Muhammad Adib Alfaruq,2026,Lukis,,https://huggingface.co/l0r3ntz/artist-photos/resolve/main/artists/Muhammad Adib Alfaruq.jpeg,,(need data),https://huggingface.co/l0r3ntz/artwork-images/resolve/main/PAM-052.jpeg
PAM-053,(need data),Nida Nafilah,2026,Lukis,,https://huggingface.co/l0r3ntz/artist-photos/resolve/main/artists/Nida Nafilah.jpg,,(need data),https://huggingface.co/l0r3ntz/artwork-images/resolve/main/PAM-053.jpg
PAM-054,(need data),Ricky Lumban Gaol,2026,Lukis,,,,(need data),https://huggingface.co/l0r3ntz/artwork-images/resolve/main/PAM-054.jpg
PAM-055,(need data),Alfia Rahma,2026,,,https://huggingface.co/l0r3ntz/artist-photos/resolve/main/artists/Alfia Rahma.jpg,,(need data),
PAM-056,(need data),Sintiya Indriyani,2026,,,https://huggingface.co/l0r3ntz/artist-photos/resolve/main/artists/Sintiya Indriyani.JPG,,(need data),
PAM-057,(need data),Syahdika Alakbar,2026,,,https://huggingface.co/l0r3ntz/artist-photos/resolve/main/artists/Syahdika Alakbar_.jpg,,(need data),
PAM-058,(need data),Nazwah Nur hafizah,2026,,,https://huggingface.co/l0r3ntz/artist-photos/resolve/main/artists/Nazwah Nur hafizah.jpg,,(need data),
PAM-059,(need data),Ares Fadillah,2026,,,https://huggingface.co/l0r3ntz/artist-photos/resolve/main/artists/Ares Fadillah.png,,(need data),
PAM-060,(need data),Citra Irawan,2026,,,https://huggingface.co/l0r3ntz/artist-photos/resolve/main/artists/Citra Irawan.jpg,,(need data),
PAM-061,(need data),Diya Mirza,2026,,,https://huggingface.co/l0r3ntz/artist-photos/resolve/main/artists/Diya Mirza.JPG,,(need data),
PAM-062,(need data),Fadlin Pulungan,2026,,,https://huggingface.co/l0r3ntz/artist-photos/resolve/main/artists/Fadlin Pulungan_.jpg,,(need data),
PAM-063,(need data),Ferdi Hutabarat,2026,,,https://huggingface.co/l0r3ntz/artist-photos/resolve/main/artists/FERDI HUTABARAT.JPG,,(need data),
PAM-064,(need data),Gio Tinambunan,2026,,,https://huggingface.co/l0r3ntz/artist-photos/resolve/main/artists/Gio Tinambunan.JPG,,(need data),
PAM-065,(need data),Marlon,2026,,,https://huggingface.co/l0r3ntz/artist-photos/resolve/main/artists/Marlon_MG_1049.JPG,,(need data),
PAM-066,(need data),Salsabila Adnin Daulay,2026,,,https://huggingface.co/l0r3ntz/artist-photos/resolve/main/artists/Salsabila Adnin Daulay.JPG,,(need data),
PAM-067,(need data),Seviyana Chaira Br Tarigan,2026,,,https://huggingface.co/l0r3ntz/artist-photos/resolve/main/artists/SEVIYANA CHAIRA BR TARIGAN.jpg,,(need data),
PAM-068,(need data),Surya Zulfachrinal Tanjung,2026,,,https://huggingface.co/l0r3ntz/artist-photos/resolve/main/artists/Surya Zulfachrinal Tanjung_.jpg,,(need data),
PAM-069,(need data),Anis Radhiyyah Simanjuntak,2026,,,https://huggingface.co/l0r3ntz/artist-photos/resolve/main/artists/Anis Radhiyyah Simanjuntak.jpg,,(need data),
PAM-070,(need data),Ikhlas purnama,2026,,,https://huggingface.co/l0r3ntz/artist-photos/resolve/main/artists/Ikhlas purnama.jpg,,(need data),
PAM-071,(need data),Rido,2026,,,https://huggingface.co/l0r3ntz/artist-photos/resolve/main/artists/Rido.jpg,,(need data),
PAM-072,(need data),Rubin Artha Yeremia Halawa,2026,,,https://huggingface.co/l0r3ntz/artist-photos/resolve/main/artists/Rubin Artha Yeremia Halawa (2).JPG,,(need data),
PAM-073,(need data),Suci Rahmadani Br Padang,2026,,,https://huggingface.co/l0r3ntz/artist-photos/resolve/main/artists/Suci Rahmadani Br Padang.jpg,,(need data),
